event,elapsed_seconds,evaluation,iteration,log_likelihood,negative_log_likelihood,best_log_likelihood
evaluation,0.924578,1,0,-852084.318802,852084.318802,-852084.318802
evaluation,1.842343,2,0,-852084.318791,852084.318791,-852084.318791
evaluation,2.755888,3,0,-852084.318762,852084.318762,-852084.318762
evaluation,3.703291,4,0,-852084.318835,852084.318835,-852084.318762
evaluation,4.636823,5,0,-852084.318818,852084.318818,-852084.318762
evaluation,5.590086,6,0,-852084.318803,852084.318803,-852084.318762
evaluation,6.523080,7,0,-852084.318776,852084.318776,-852084.318762
evaluation,7.443378,8,0,-852084.31877,852084.31877,-852084.318762
evaluation,8.343153,9,0,-852084.318802,852084.318802,-852084.318762
evaluation,9.378430,10,0,-852084.3188,852084.3188,-852084.318762
evaluation,10.323556,11,0,-852084.318795,852084.318795,-852084.318762
evaluation,11.266406,12,0,-852084.318792,852084.318792,-852084.318762
evaluation,12.196196,13,0,-852084.318858,852084.318858,-852084.318762
evaluation,13.197137,14,0,-852084.318821,852084.318821,-852084.318762
evaluation,14.110302,15,0,-852084.318814,852084.318814,-852084.318762
evaluation,15.073552,16,0,-852084.318845,852084.318845,-852084.318762
evaluation,16.063938,17,0,-852084.318884,852084.318884,-852084.318762
evaluation,17.031859,18,0,-852084.318806,852084.318806,-852084.318762
evaluation,18.054026,19,0,-852084.318805,852084.318805,-852084.318762
evaluation,18.999759,20,0,-852084.318769,852084.318769,-852084.318762
evaluation,19.927837,21,0,-852084.318771,852084.318771,-852084.318762
evaluation,20.912916,22,0,-852084.318782,852084.318782,-852084.318762
evaluation,21.893562,23,0,-852084.318785,852084.318785,-852084.318762
evaluation,22.850728,24,0,-852084.318792,852084.318792,-852084.318762
evaluation,23.796211,25,0,-852084.318774,852084.318774,-852084.318762
evaluation,24.818697,26,0,-852084.318795,852084.318795,-852084.318762
evaluation,25.784389,27,0,-852084.318791,852084.318791,-852084.318762
evaluation,26.745165,28,0,-852084.318807,852084.318807,-852084.318762
evaluation,27.637640,29,0,-852084.318775,852084.318775,-852084.318762
evaluation,28.610230,30,0,-852084.318781,852084.318781,-852084.318762
evaluation,29.556620,31,0,-852084.318824,852084.318824,-852084.318762
evaluation,30.515117,32,0,-852084.318785,852084.318785,-852084.318762
evaluation,31.503768,33,0,-852084.318778,852084.318778,-852084.318762
evaluation,32.486700,34,0,-852084.318805,852084.318805,-852084.318762
evaluation,33.419046,35,0,-852084.318816,852084.318816,-852084.318762
evaluation,34.439625,36,0,-852084.31877,852084.31877,-852084.318762
evaluation,35.397783,37,0,-852084.318769,852084.318769,-852084.318762
evaluation,36.404917,38,0,-852084.318846,852084.318846,-852084.318762
evaluation,37.336742,39,0,-852084.318831,852084.318831,-852084.318762
evaluation,38.319753,40,0,-852084.31881,852084.31881,-852084.318762
evaluation,39.347312,41,0,-852084.318811,852084.318811,-852084.318762
evaluation,40.342513,42,0,-852084.318818,852084.318818,-852084.318762
evaluation,41.316584,43,0,-852084.318799,852084.318799,-852084.318762
evaluation,42.283256,44,0,-852084.318786,852084.318786,-852084.318762
evaluation,43.295562,45,0,-852084.318792,852084.318792,-852084.318762
evaluation,44.281273,46,0,-852084.318799,852084.318799,-852084.318762
evaluation,45.312386,47,0,-852084.31869,852084.31869,-852084.31869
evaluation,46.263358,48,0,-852084.318837,852084.318837,-852084.31869
evaluation,47.231999,49,0,-852084.31883,852084.31883,-852084.31869
evaluation,48.191457,50,0,-852084.318799,852084.318799,-852084.31869
evaluation,49.202641,51,0,-852084.318836,852084.318836,-852084.31869
evaluation,50.161078,52,0,-852084.318835,852084.318835,-852084.31869
evaluation,51.141461,53,0,-852084.318829,852084.318829,-852084.31869
evaluation,52.144613,54,0,-852084.318813,852084.318813,-852084.31869
evaluation,53.135897,55,0,-852084.318807,852084.318807,-852084.31869
evaluation,54.126089,56,0,-852084.318802,852084.318802,-852084.31869
evaluation,55.083498,57,0,-852084.318788,852084.318788,-852084.31869
evaluation,56.074756,58,0,-852084.318795,852084.318795,-852084.31869
evaluation,57.044803,59,0,-852084.318795,852084.318795,-852084.31869
evaluation,58.124173,60,0,-852084.318787,852084.318787,-852084.31869
evaluation,59.157299,61,0,-852084.318775,852084.318775,-852084.31869
evaluation,60.142001,62,0,-852084.318764,852084.318764,-852084.31869
evaluation,61.111640,63,0,-852084.318762,852084.318762,-852084.31869
evaluation,62.078788,64,0,-852084.318774,852084.318774,-852084.31869
evaluation,63.027559,65,0,-852084.318789,852084.318789,-852084.31869
evaluation,63.998190,66,0,-852084.318799,852084.318799,-852084.31869
evaluation,64.983186,67,0,-852084.31878,852084.31878,-852084.31869
evaluation,65.985256,68,0,-852084.318791,852084.318791,-852084.31869
evaluation,66.961697,69,0,-852084.318785,852084.318785,-852084.31869
evaluation,67.912918,70,0,-852084.318774,852084.318774,-852084.31869
evaluation,68.910037,71,0,-852084.318766,852084.318766,-852084.31869
evaluation,70.007651,72,0,-852084.318768,852084.318768,-852084.31869
evaluation,71.105032,73,0,-852084.318778,852084.318778,-852084.31869
evaluation,72.136620,74,0,-852084.318789,852084.318789,-852084.31869
evaluation,73.115274,75,0,-852084.318797,852084.318797,-852084.31869
evaluation,74.062646,76,0,-852084.318801,852084.318801,-852084.31869
evaluation,75.063466,77,0,-852084.31884,852084.31884,-852084.31869
evaluation,76.067009,78,0,-852084.318811,852084.318811,-852084.31869
evaluation,77.048558,79,0,-852084.318811,852084.318811,-852084.31869
evaluation,78.055604,80,0,-852084.318809,852084.318809,-852084.31869
evaluation,79.143877,81,0,-852084.318798,852084.318798,-852084.31869
evaluation,80.339541,82,0,-852084.318782,852084.318782,-852084.31869
evaluation,81.570227,83,0,-852084.318767,852084.318767,-852084.31869
evaluation,82.796450,84,0,-852084.318777,852084.318777,-852084.31869
evaluation,83.903339,85,0,-852084.3188,852084.3188,-852084.31869
evaluation,84.894229,86,0,-852084.31879,852084.31879,-852084.31869
evaluation,85.852839,87,0,-852084.318761,852084.318761,-852084.31869
evaluation,86.816153,88,0,-852084.318762,852084.318762,-852084.31869
evaluation,87.799981,89,0,-852084.318803,852084.318803,-852084.31869
evaluation,88.754897,90,0,-852084.318793,852084.318793,-852084.31869
evaluation,89.746064,91,0,-852084.318766,852084.318766,-852084.31869
evaluation,90.749212,92,0,-852084.318762,852084.318762,-852084.31869
evaluation,91.784686,93,0,-838740.657436,838740.657436,-838740.657436
evaluation,92.824656,94,0,-838740.657425,838740.657425,-838740.657425
evaluation,93.902003,95,0,-838740.657409,838740.657409,-838740.657409
evaluation,94.981432,96,0,-838740.657455,838740.657455,-838740.657409
evaluation,96.038519,97,0,-838740.657439,838740.657439,-838740.657409
evaluation,97.359149,98,0,-838740.65743,838740.65743,-838740.657409
evaluation,98.532773,99,0,-838740.657418,838740.657418,-838740.657409
evaluation,99.714910,100,0,-838740.65747,838740.65747,-838740.657409
evaluation,100.884147,101,0,-838740.657439,838740.657439,-838740.657409
evaluation,103.209102,102,0,-838740.657431,838740.657431,-838740.657409
evaluation,105.496559,103,0,-838740.65745,838740.65745,-838740.657409
evaluation,106.898293,104,0,-838740.657444,838740.657444,-838740.657409
evaluation,108.046211,105,0,-838740.657457,838740.657457,-838740.657409
evaluation,109.172148,106,0,-838740.657412,838740.657412,-838740.657409
evaluation,110.340294,107,0,-838740.657423,838740.657423,-838740.657409
evaluation,111.525496,108,0,-838740.657446,838740.657446,-838740.657409
evaluation,113.387395,109,0,-838740.657407,838740.657407,-838740.657407
evaluation,116.393292,110,0,-838740.657436,838740.657436,-838740.657407
evaluation,118.626472,111,0,-838740.657439,838740.657439,-838740.657407
evaluation,120.167209,112,0,-838740.657408,838740.657408,-838740.657407
evaluation,121.392458,113,0,-838740.657411,838740.657411,-838740.657407
evaluation,122.485680,114,0,-838740.657422,838740.657422,-838740.657407
evaluation,123.480301,115,0,-838740.657415,838740.657415,-838740.657407
evaluation,124.585023,116,0,-838740.657423,838740.657423,-838740.657407
evaluation,125.600401,117,0,-838740.657413,838740.657413,-838740.657407
evaluation,126.623424,118,0,-838740.657465,838740.657465,-838740.657407
evaluation,127.662931,119,0,-838740.657435,838740.657435,-838740.657407
evaluation,128.704249,120,0,-838740.657437,838740.657437,-838740.657407
evaluation,129.714730,121,0,-838740.657433,838740.657433,-838740.657407
evaluation,130.763645,122,0,-838740.657426,838740.657426,-838740.657407
evaluation,131.863463,123,0,-838740.657444,838740.657444,-838740.657407
evaluation,132.984992,124,0,-838740.657394,838740.657394,-838740.657394
evaluation,134.147970,125,0,-838740.657401,838740.657401,-838740.657394
evaluation,135.197468,126,0,-838740.657421,838740.657421,-838740.657394
evaluation,136.262261,127,0,-838740.65742,838740.65742,-838740.657394
evaluation,137.433492,128,0,-838740.657396,838740.657396,-838740.657394
evaluation,138.815541,129,0,-838740.657398,838740.657398,-838740.657394
evaluation,140.165234,130,0,-838740.657418,838740.657418,-838740.657394
evaluation,141.313759,131,0,-838740.657454,838740.657454,-838740.657394
evaluation,142.342672,132,0,-838740.657451,838740.657451,-838740.657394
evaluation,143.403838,133,0,-838740.657452,838740.657452,-838740.657394
evaluation,144.409162,134,0,-838740.657437,838740.657437,-838740.657394
evaluation,145.423820,135,0,-838740.657486,838740.657486,-838740.657394
evaluation,146.532854,136,0,-838740.657437,838740.657437,-838740.657394
evaluation,147.611055,137,0,-838740.657458,838740.657458,-838740.657394
evaluation,148.682148,138,0,-838740.657449,838740.657449,-838740.657394
evaluation,149.695642,139,0,-838740.657479,838740.657479,-838740.657394
evaluation,150.688073,140,0,-838740.657451,838740.657451,-838740.657394
evaluation,151.734867,141,0,-838740.657446,838740.657446,-838740.657394
evaluation,152.783283,142,0,-838740.65743,838740.65743,-838740.657394
evaluation,153.814320,143,0,-838740.657446,838740.657446,-838740.657394
evaluation,154.865282,144,0,-838740.657442,838740.657442,-838740.657394
evaluation,155.909077,145,0,-838740.657443,838740.657443,-838740.657394
evaluation,156.957504,146,0,-838740.657435,838740.657435,-838740.657394
evaluation,158.014998,147,0,-838740.657434,838740.657434,-838740.657394
evaluation,159.032799,148,0,-838740.65743,838740.65743,-838740.657394
evaluation,160.083079,149,0,-838740.657502,838740.657502,-838740.657394
evaluation,161.119876,150,0,-838740.657453,838740.657453,-838740.657394
evaluation,162.192100,151,0,-838740.657446,838740.657446,-838740.657394
evaluation,163.229438,152,0,-838740.657447,838740.657447,-838740.657394
evaluation,164.291848,153,0,-838740.657442,838740.657442,-838740.657394
evaluation,165.406588,154,0,-838740.657434,838740.657434,-838740.657394
evaluation,166.500061,155,0,-838740.657427,838740.657427,-838740.657394
evaluation,167.576242,156,0,-838740.657424,838740.657424,-838740.657394
evaluation,168.605290,157,0,-838740.657428,838740.657428,-838740.657394
evaluation,169.640995,158,0,-838740.657433,838740.657433,-838740.657394
evaluation,170.708987,159,0,-838740.657482,838740.657482,-838740.657394
evaluation,171.808220,160,0,-838740.657437,838740.657437,-838740.657394
evaluation,172.926506,161,0,-838740.657435,838740.657435,-838740.657394
evaluation,173.969767,162,0,-838740.65743,838740.65743,-838740.657394
evaluation,174.984056,163,0,-838740.657424,838740.657424,-838740.657394
evaluation,176.001649,164,0,-838740.65742,838740.65742,-838740.657394
evaluation,177.008060,165,0,-838740.657421,838740.657421,-838740.657394
evaluation,178.054790,166,0,-838740.657426,838740.657426,-838740.657394
evaluation,179.087798,167,0,-838740.657431,838740.657431,-838740.657394
evaluation,180.108704,168,0,-838740.657434,838740.657434,-838740.657394
evaluation,181.093267,169,0,-838740.657397,838740.657397,-838740.657394
evaluation,182.115540,170,0,-838740.657424,838740.657424,-838740.657394
evaluation,183.095224,171,0,-838740.657421,838740.657421,-838740.657394
evaluation,184.108756,172,0,-838740.657404,838740.657404,-838740.657394
evaluation,185.125172,173,0,-838740.657478,838740.657478,-838740.657394
evaluation,186.156793,174,0,-838740.657456,838740.657456,-838740.657394
evaluation,187.134906,175,0,-838740.657453,838740.657453,-838740.657394
evaluation,188.150073,176,0,-838740.65744,838740.65744,-838740.657394
evaluation,189.138108,177,0,-838740.657465,838740.657465,-838740.657394
evaluation,190.162150,178,0,-838740.657437,838740.657437,-838740.657394
evaluation,191.209588,179,0,-838740.657418,838740.657418,-838740.657394
evaluation,192.225184,180,0,-838740.657409,838740.657409,-838740.657394
evaluation,193.245038,181,0,-838740.657458,838740.657458,-838740.657394
evaluation,194.267489,182,0,-838740.657435,838740.657435,-838740.657394
evaluation,195.282060,183,0,-838740.657415,838740.657415,-838740.657394
evaluation,196.287254,184,0,-838740.657407,838740.657407,-838740.657394
iteration,197.308716,184,1,-838740.657436,838740.657436,-838740.657394
evaluation,198.348908,185,1,-830733.467702,830733.467702,-830733.467702
evaluation,199.411870,186,1,-830733.467697,830733.467697,-830733.467697
evaluation,200.561605,187,1,-830733.46769,830733.46769,-830733.46769
evaluation,201.632624,188,1,-830733.467703,830733.467703,-830733.46769
evaluation,202.644266,189,1,-830733.467702,830733.467702,-830733.46769
evaluation,203.704078,190,1,-830733.467698,830733.467698,-830733.46769
evaluation,204.753339,191,1,-830733.467695,830733.467695,-830733.46769
evaluation,205.779921,192,1,-830733.467676,830733.467676,-830733.467676
evaluation,206.786623,193,1,-830733.467703,830733.467703,-830733.467676
evaluation,207.794983,194,1,-830733.467699,830733.467699,-830733.467676
evaluation,208.964366,195,1,-830733.467713,830733.467713,-830733.467676
evaluation,210.021509,196,1,-830733.467714,830733.467714,-830733.467676
evaluation,211.047519,197,1,-830733.46771,830733.46771,-830733.467676
evaluation,212.060080,198,1,-830733.467702,830733.467702,-830733.467676
evaluation,213.092190,199,1,-830733.467692,830733.467692,-830733.467676
evaluation,214.118028,200,1,-830733.467699,830733.467699,-830733.467676
evaluation,215.135372,201,1,-830733.467665,830733.467665,-830733.467665
evaluation,216.131792,202,1,-830733.467703,830733.467703,-830733.467665
evaluation,217.133431,203,1,-830733.467702,830733.467702,-830733.467665
evaluation,218.128372,204,1,-830733.46768,830733.46768,-830733.467665
evaluation,219.125441,205,1,-830733.467683,830733.467683,-830733.467665
evaluation,220.128987,206,1,-830733.467695,830733.467695,-830733.467665
evaluation,221.151062,207,1,-830733.467681,830733.467681,-830733.467665
evaluation,222.152491,208,1,-830733.467689,830733.467689,-830733.467665
evaluation,223.161038,209,1,-830733.467685,830733.467685,-830733.467665
evaluation,224.163978,210,1,-830733.467683,830733.467683,-830733.467665
evaluation,225.184593,211,1,-830733.467706,830733.467706,-830733.467665
evaluation,226.202931,212,1,-830733.467703,830733.467703,-830733.467665
evaluation,227.201354,213,1,-830733.467704,830733.467704,-830733.467665
evaluation,228.193620,214,1,-830733.467699,830733.467699,-830733.467665
evaluation,229.167849,215,1,-830733.467707,830733.467707,-830733.467665
evaluation,230.177817,216,1,-830733.467682,830733.467682,-830733.467665
evaluation,231.129804,217,1,-830733.467677,830733.467677,-830733.467665
evaluation,232.118142,218,1,-830733.467696,830733.467696,-830733.467665
evaluation,233.073714,219,1,-830733.46769,830733.46769,-830733.467665
evaluation,234.064978,220,1,-830733.46767,830733.46767,-830733.467665
evaluation,235.046153,221,1,-830733.46767,830733.46767,-830733.467665
evaluation,236.011696,222,1,-830733.467655,830733.467655,-830733.467655
evaluation,237.031174,223,1,-830733.467707,830733.467707,-830733.467655
evaluation,237.992371,224,1,-830733.467707,830733.467707,-830733.467655
evaluation,238.992909,225,1,-830733.467713,830733.467713,-830733.467655
evaluation,239.996252,226,1,-830733.467697,830733.467697,-830733.467655
evaluation,241.172877,227,1,-830733.46768,830733.46768,-830733.467655
evaluation,242.262338,228,1,-830733.467711,830733.467711,-830733.467655
evaluation,243.240333,229,1,-830733.467723,830733.467723,-830733.467655
evaluation,244.286112,230,1,-830733.467716,830733.467716,-830733.467655
evaluation,245.304891,231,1,-830733.467763,830733.467763,-830733.467655
evaluation,246.324008,232,1,-830733.467712,830733.467712,-830733.467655
evaluation,247.313702,233,1,-830733.467711,830733.467711,-830733.467655
evaluation,248.321732,234,1,-830733.467707,830733.467707,-830733.467655
evaluation,249.334683,235,1,-830733.467704,830733.467704,-830733.467655
evaluation,250.352312,236,1,-830733.467699,830733.467699,-830733.467655
evaluation,251.371773,237,1,-830733.467707,830733.467707,-830733.467655
evaluation,252.372022,238,1,-830733.467699,830733.467699,-830733.467655
evaluation,253.376767,239,1,-830733.467699,830733.467699,-830733.467655
evaluation,254.388158,240,1,-830733.467695,830733.467695,-830733.467655
evaluation,255.441566,241,1,-830733.467707,830733.467707,-830733.467655
evaluation,256.444747,242,1,-830733.4677,830733.4677,-830733.467655
evaluation,257.472971,243,1,-830733.467698,830733.467698,-830733.467655
evaluation,258.490366,244,1,-830733.467692,830733.467692,-830733.467655
evaluation,259.545683,245,1,-830733.467683,830733.467683,-830733.467655
evaluation,260.557715,246,1,-830733.467678,830733.467678,-830733.467655
evaluation,261.555404,247,1,-830733.467678,830733.467678,-830733.467655
evaluation,262.571816,248,1,-830733.467682,830733.467682,-830733.467655
evaluation,263.651116,249,1,-830733.46769,830733.46769,-830733.467655
evaluation,264.663621,250,1,-830733.467698,830733.467698,-830733.467655
evaluation,265.678372,251,1,-830733.46774,830733.46774,-830733.467655
evaluation,266.673897,252,1,-830733.467701,830733.467701,-830733.467655
evaluation,267.691268,253,1,-830733.467698,830733.467698,-830733.467655
evaluation,268.714503,254,1,-830733.467694,830733.467694,-830733.467655
evaluation,269.707822,255,1,-830733.467689,830733.467689,-830733.467655
evaluation,270.709015,256,1,-830733.467686,830733.467686,-830733.467655
evaluation,271.753890,257,1,-830733.467686,830733.467686,-830733.467655
evaluation,272.796346,258,1,-830733.467691,830733.467691,-830733.467655
evaluation,273.917469,259,1,-830733.467697,830733.467697,-830733.467655
evaluation,275.058910,260,1,-830733.4677,830733.4677,-830733.467655
evaluation,276.082684,261,1,-830733.467688,830733.467688,-830733.467655
evaluation,277.099987,262,1,-830733.467697,830733.467697,-830733.467655
evaluation,278.139713,263,1,-830733.467695,830733.467695,-830733.467655
evaluation,279.127193,264,1,-830733.467687,830733.467687,-830733.467655
evaluation,280.154395,265,1,-830733.467688,830733.467688,-830733.467655
evaluation,281.147225,266,1,-830733.467693,830733.467693,-830733.467655
evaluation,282.160470,267,1,-830733.467702,830733.467702,-830733.467655
evaluation,283.168360,268,1,-830733.467702,830733.467702,-830733.467655
evaluation,284.131606,269,1,-830733.467737,830733.467737,-830733.467655
evaluation,285.153417,270,1,-830733.467705,830733.467705,-830733.467655
evaluation,286.130878,271,1,-830733.467689,830733.467689,-830733.467655
evaluation,287.114111,272,1,-830733.467679,830733.467679,-830733.467655
evaluation,288.114469,273,1,-830733.467742,830733.467742,-830733.467655
evaluation,289.108451,274,1,-830733.467707,830733.467707,-830733.467655
evaluation,290.132296,275,1,-830733.467693,830733.467693,-830733.467655
evaluation,291.114752,276,1,-830733.467681,830733.467681,-830733.467655
iteration,292.205898,276,2,-830733.467702,830733.467702,-830733.467655
evaluation,293.286438,277,2,-820757.531243,820757.531243,-820757.531243
evaluation,294.422510,278,2,-820757.531247,820757.531247,-820757.531243
evaluation,295.560928,279,2,-820757.53125,820757.53125,-820757.531243
evaluation,296.613809,280,2,-820757.531211,820757.531211,-820757.531211
evaluation,297.703560,281,2,-820757.531238,820757.531238,-820757.531211
evaluation,298.820398,282,2,-820757.531242,820757.531242,-820757.531211
evaluation,299.884046,283,2,-820757.531249,820757.531249,-820757.531211
evaluation,300.954540,284,2,-820757.531265,820757.531265,-820757.531211
evaluation,302.002996,285,2,-820757.531228,820757.531228,-820757.531211
evaluation,303.051492,286,2,-820757.531241,820757.531241,-820757.531211
evaluation,304.098299,287,2,-820757.531237,820757.531237,-820757.531211
evaluation,305.183137,288,2,-820757.531251,820757.531251,-820757.531211
evaluation,306.231012,289,2,-820757.531227,820757.531227,-820757.531211
evaluation,307.294625,290,2,-820757.531234,820757.531234,-820757.531211
evaluation,308.514181,291,2,-820757.531248,820757.531248,-820757.531211
evaluation,309.646758,292,2,-820757.531209,820757.531209,-820757.531209
evaluation,310.770645,293,2,-820757.531205,820757.531205,-820757.531205
evaluation,311.852985,294,2,-820757.531239,820757.531239,-820757.531205
evaluation,312.900560,295,2,-820757.531238,820757.531238,-820757.531205
evaluation,313.952429,296,2,-820757.531233,820757.531233,-820757.531205
evaluation,315.003058,297,2,-820757.531234,820757.531234,-820757.531205
evaluation,316.040228,298,2,-820757.531249,820757.531249,-820757.531205
evaluation,317.108963,299,2,-820757.531228,820757.531228,-820757.531205
evaluation,318.264785,300,2,-820757.531233,820757.531233,-820757.531205
evaluation,319.749620,301,2,-820757.531238,820757.531238,-820757.531205
evaluation,321.016913,302,2,-820757.531228,820757.531228,-820757.531205
evaluation,322.166630,303,2,-820757.531246,820757.531246,-820757.531205
evaluation,323.245529,304,2,-820757.531245,820757.531245,-820757.531205
evaluation,324.338704,305,2,-820757.531243,820757.531243,-820757.531205
evaluation,325.465494,306,2,-820757.53125,820757.53125,-820757.531205
evaluation,326.546154,307,2,-820757.531238,820757.531238,-820757.531205
evaluation,327.619749,308,2,-820757.531239,820757.531239,-820757.531205
evaluation,328.762303,309,2,-820757.531246,820757.531246,-820757.531205
evaluation,329.787967,310,2,-820757.531255,820757.531255,-820757.531205
evaluation,330.856720,311,2,-820757.531241,820757.531241,-820757.531205
evaluation,331.941887,312,2,-820757.531243,820757.531243,-820757.531205
evaluation,332.975482,313,2,-820757.531242,820757.531242,-820757.531205
evaluation,334.022020,314,2,-820757.531284,820757.531284,-820757.531205
evaluation,335.171234,315,2,-820757.531213,820757.531213,-820757.531205
evaluation,336.542358,316,2,-820757.531222,820757.531222,-820757.531205
evaluation,338.185002,317,2,-820757.531236,820757.531236,-820757.531205
evaluation,339.630099,318,2,-820757.531227,820757.531227,-820757.531205
evaluation,340.936256,319,2,-820757.531225,820757.531225,-820757.531205
evaluation,342.265796,320,2,-820757.53125,820757.53125,-820757.531205
evaluation,343.383168,321,2,-820757.531246,820757.531246,-820757.531205
evaluation,344.438845,322,2,-820757.53125,820757.53125,-820757.531205
evaluation,345.546123,323,2,-820757.531298,820757.531298,-820757.531205
evaluation,346.687881,324,2,-820757.531251,820757.531251,-820757.531205
evaluation,348.035679,325,2,-820757.531258,820757.531258,-820757.531205
evaluation,349.178634,326,2,-820757.531262,820757.531262,-820757.531205
evaluation,350.223442,327,2,-820757.531239,820757.531239,-820757.531205
evaluation,351.281752,328,2,-820757.531232,820757.531232,-820757.531205
evaluation,352.389541,329,2,-820757.531251,820757.531251,-820757.531205
evaluation,353.822788,330,2,-820757.53124,820757.53124,-820757.531205
evaluation,355.099705,331,2,-820757.53124,820757.53124,-820757.531205
evaluation,356.256548,332,2,-820757.531237,820757.531237,-820757.531205
evaluation,357.403503,333,2,-820757.53126,820757.53126,-820757.531205
evaluation,358.533273,334,2,-820757.531244,820757.531244,-820757.531205
evaluation,359.571274,335,2,-820757.531241,820757.531241,-820757.531205
evaluation,360.631883,336,2,-820757.531236,820757.531236,-820757.531205
evaluation,361.776293,337,2,-820757.53123,820757.53123,-820757.531205
evaluation,362.917152,338,2,-820757.531229,820757.531229,-820757.531205
evaluation,364.018100,339,2,-820757.531231,820757.531231,-820757.531205
evaluation,365.225565,340,2,-820757.531228,820757.531228,-820757.531205
evaluation,366.441610,341,2,-820757.531231,820757.531231,-820757.531205
evaluation,367.819831,342,2,-820757.531239,820757.531239,-820757.531205
evaluation,369.069263,343,2,-820757.531245,820757.531245,-820757.531205
evaluation,370.273290,344,2,-820757.531235,820757.531235,-820757.531205
evaluation,371.336067,345,2,-820757.531229,820757.531229,-820757.531205
evaluation,372.327173,346,2,-820757.531224,820757.531224,-820757.531205
evaluation,373.341688,347,2,-820757.531223,820757.531223,-820757.531205
evaluation,374.381254,348,2,-820757.531223,820757.531223,-820757.531205
evaluation,375.440743,349,2,-820757.531224,820757.531224,-820757.531205
evaluation,376.598573,350,2,-820757.531229,820757.531229,-820757.531205
evaluation,377.703995,351,2,-820757.531236,820757.531236,-820757.531205
evaluation,378.812964,352,2,-820757.531241,820757.531241,-820757.531205
evaluation,379.924113,353,2,-820757.53128,820757.53128,-820757.531205
evaluation,380.909673,354,2,-820757.531252,820757.531252,-820757.531205
evaluation,381.995984,355,2,-820757.531253,820757.531253,-820757.531205
evaluation,383.072221,356,2,-820757.531264,820757.531264,-820757.531205
evaluation,384.065458,357,2,-820757.531217,820757.531217,-820757.531205
evaluation,385.168478,358,2,-820757.531231,820757.531231,-820757.531205
evaluation,386.224414,359,2,-820757.531248,820757.531248,-820757.531205
evaluation,387.275881,360,2,-820757.531249,820757.531249,-820757.531205
evaluation,388.280384,361,2,-820757.531275,820757.531275,-820757.531205
evaluation,389.359330,362,2,-820757.531242,820757.531242,-820757.531205
evaluation,390.417399,363,2,-820757.53123,820757.53123,-820757.531205
evaluation,391.397380,364,2,-820757.531224,820757.531224,-820757.531205
evaluation,392.381085,365,2,-820757.531278,820757.531278,-820757.531205
evaluation,393.431950,366,2,-820757.531244,820757.531244,-820757.531205
evaluation,394.504790,367,2,-820757.531232,820757.531232,-820757.531205
evaluation,395.495272,368,2,-820757.531227,820757.531227,-820757.531205
iteration,396.525226,368,3,-820757.531243,820757.531243,-820757.531205
evaluation,397.562131,369,3,-815676.319972,815676.319972,-815676.319972
evaluation,398.580944,370,3,-815676.319975,815676.319975,-815676.319972
evaluation,399.687684,371,3,-815676.319979,815676.319979,-815676.319972
evaluation,400.895267,372,3,-815676.319942,815676.319942,-815676.319942
evaluation,402.093808,373,3,-815676.319965,815676.319965,-815676.319942
evaluation,403.199726,374,3,-815676.319977,815676.319977,-815676.319942
evaluation,404.287749,375,3,-815676.319979,815676.319979,-815676.319942
evaluation,405.351921,376,3,-815676.319849,815676.319849,-815676.319849
evaluation,406.453280,377,3,-815676.319975,815676.319975,-815676.319849
evaluation,407.523295,378,3,-815676.319972,815676.319972,-815676.319849
evaluation,408.587270,379,3,-815676.319978,815676.319978,-815676.319849
evaluation,409.854107,380,3,-815676.319965,815676.319965,-815676.319849
evaluation,411.224834,381,3,-815676.319921,815676.319921,-815676.319849
evaluation,412.486595,382,3,-815676.319994,815676.319994,-815676.319849
evaluation,413.713760,383,3,-815676.319934,815676.319934,-815676.319849
evaluation,414.804236,384,3,-815676.319944,815676.319944,-815676.319849
evaluation,415.881795,385,3,-815676.319972,815676.319972,-815676.319849
evaluation,416.902025,386,3,-815676.319955,815676.319955,-815676.319849
evaluation,417.950169,387,3,-815676.319956,815676.319956,-815676.319849
evaluation,419.005769,388,3,-815676.319969,815676.319969,-815676.319849
evaluation,420.014100,389,3,-815676.319966,815676.319966,-815676.319849
evaluation,421.053191,390,3,-815676.319987,815676.319987,-815676.319849
evaluation,422.118379,391,3,-815676.319973,815676.319973,-815676.319849
evaluation,423.132061,392,3,-815676.319968,815676.319968,-815676.319849
evaluation,424.180398,393,3,-815676.319972,815676.319972,-815676.319849
evaluation,425.234297,394,3,-815676.319897,815676.319897,-815676.319849
evaluation,426.264608,395,3,-815676.31998,815676.31998,-815676.319849
evaluation,427.299435,396,3,-815676.319973,815676.319973,-815676.319849
evaluation,428.377360,397,3,-815676.319986,815676.319986,-815676.319849
evaluation,429.479133,398,3,-815676.319981,815676.319981,-815676.319849
evaluation,430.763812,399,3,-815676.319953,815676.319953,-815676.319849
evaluation,432.161597,400,3,-815676.319997,815676.319997,-815676.319849
evaluation,433.504589,401,3,-815676.31996,815676.31996,-815676.319849
evaluation,434.774845,402,3,-815676.319977,815676.319977,-815676.319849
evaluation,435.999055,403,3,-815676.319993,815676.319993,-815676.319849
evaluation,437.236183,404,3,-815676.319988,815676.319988,-815676.319849
evaluation,438.488194,405,3,-815676.319988,815676.319988,-815676.319849
evaluation,439.740705,406,3,-815676.319795,815676.319795,-815676.319795
evaluation,441.032944,407,3,-815676.319964,815676.319964,-815676.319795
evaluation,442.234892,408,3,-815676.319979,815676.319979,-815676.319795
evaluation,443.408535,409,3,-815676.319946,815676.319946,-815676.319795
evaluation,444.650092,410,3,-815676.31994,815676.31994,-815676.319795
evaluation,445.881472,411,3,-815676.319893,815676.319893,-815676.319795
evaluation,447.130908,412,3,-815676.319985,815676.319985,-815676.319795
evaluation,448.393115,413,3,-815676.319961,815676.319961,-815676.319795
evaluation,449.687276,414,3,-815676.319957,815676.319957,-815676.319795
evaluation,450.871739,415,3,-815676.319956,815676.319956,-815676.319795
evaluation,451.960533,416,3,-815676.319974,815676.319974,-815676.319795
evaluation,453.006409,417,3,-815676.319972,815676.319972,-815676.319795
evaluation,454.109532,418,3,-815676.319977,815676.319977,-815676.319795
evaluation,455.271868,419,3,-815676.319974,815676.319974,-815676.319795
evaluation,456.367376,420,3,-815676.31996,815676.31996,-815676.319795
evaluation,457.402991,421,3,-815676.319968,815676.319968,-815676.319795
evaluation,458.576216,422,3,-815676.319965,815676.319965,-815676.319795
evaluation,459.736781,423,3,-815676.319966,815676.319966,-815676.319795
evaluation,460.956011,424,3,-815676.319965,815676.319965,-815676.319795
evaluation,462.004291,425,3,-815676.319935,815676.319935,-815676.319795
evaluation,463.327553,426,3,-815676.319955,815676.319955,-815676.319795
evaluation,464.457397,427,3,-815676.319958,815676.319958,-815676.319795
evaluation,465.469056,428,3,-815676.319945,815676.319945,-815676.319795
evaluation,466.560629,429,3,-815676.319934,815676.319934,-815676.319795
evaluation,467.582145,430,3,-815676.319939,815676.319939,-815676.319795
evaluation,468.607136,431,3,-815676.319948,815676.319948,-815676.319795
evaluation,469.644166,432,3,-815676.319952,815676.319952,-815676.319795
evaluation,470.714706,433,3,-815676.319957,815676.319957,-815676.319795
evaluation,472.049143,434,3,-815676.319966,815676.319966,-815676.319795
evaluation,473.172185,435,3,-815676.320029,815676.320029,-815676.319795
evaluation,474.215920,436,3,-815676.319975,815676.319975,-815676.319795
evaluation,475.285361,437,3,-815676.319976,815676.319976,-815676.319795
evaluation,476.295083,438,3,-815676.319981,815676.319981,-815676.319795
evaluation,477.346670,439,3,-815676.319988,815676.319988,-815676.319795
evaluation,478.357205,440,3,-815676.319983,815676.319983,-815676.319795
evaluation,479.502318,441,3,-815676.31997,815676.31997,-815676.319795
evaluation,480.637913,442,3,-815676.319964,815676.319964,-815676.319795
evaluation,481.796120,443,3,-815676.319966,815676.319966,-815676.319795
evaluation,482.962992,444,3,-815676.319969,815676.319969,-815676.319795
evaluation,483.990145,445,3,-815676.319956,815676.319956,-815676.319795
evaluation,485.010449,446,3,-815676.319967,815676.319967,-815676.319795
evaluation,486.029517,447,3,-815676.319966,815676.319966,-815676.319795
evaluation,487.035439,448,3,-815676.319964,815676.319964,-815676.319795
evaluation,488.040039,449,3,-815676.319978,815676.319978,-815676.319795
evaluation,489.045372,450,3,-815676.319979,815676.319979,-815676.319795
evaluation,490.063907,451,3,-815676.319988,815676.319988,-815676.319795
evaluation,491.004474,452,3,-815676.319983,815676.319983,-815676.319795
evaluation,492.023792,453,3,-815676.319985,815676.319985,-815676.319795
evaluation,493.080764,454,3,-815676.319961,815676.319961,-815676.319795
evaluation,494.118679,455,3,-815676.319957,815676.319957,-815676.319795
evaluation,495.213919,456,3,-815676.319961,815676.319961,-815676.319795
evaluation,496.240561,457,3,-815676.319985,815676.319985,-815676.319795
evaluation,497.292808,458,3,-815676.319962,815676.319962,-815676.319795
evaluation,498.439171,459,3,-815676.319954,815676.319954,-815676.319795
evaluation,499.496832,460,3,-815676.319963,815676.319963,-815676.319795
iteration,500.531956,460,4,-815676.319972,815676.319972,-815676.319795
evaluation,501.615413,461,4,-810738.650006,810738.650006,-810738.650006
evaluation,502.653777,462,4,-810738.650008,810738.650008,-810738.650006
evaluation,503.657565,463,4,-810738.650013,810738.650013,-810738.650006
evaluation,504.662193,464,4,-810738.649988,810738.649988,-810738.649988
evaluation,505.697652,465,4,-810738.650001,810738.650001,-810738.649988
evaluation,506.734535,466,4,-810738.650011,810738.650011,-810738.649988
evaluation,507.862299,467,4,-810738.650011,810738.650011,-810738.649988
evaluation,508.927137,468,4,-810738.650025,810738.650025,-810738.649988
evaluation,510.010931,469,4,-810738.650002,810738.650002,-810738.649988
evaluation,511.089131,470,4,-810738.650006,810738.650006,-810738.649988
evaluation,512.261897,471,4,-810738.650006,810738.650006,-810738.649988
evaluation,513.342787,472,4,-810738.650001,810738.650001,-810738.649988
evaluation,514.375434,473,4,-810738.649968,810738.649968,-810738.649968
evaluation,515.372070,474,4,-810738.650001,810738.650001,-810738.649968
evaluation,516.464131,475,4,-810738.649989,810738.649989,-810738.649968
evaluation,517.609823,476,4,-810738.64999,810738.64999,-810738.649968
evaluation,518.745943,477,4,-810738.650023,810738.650023,-810738.649968
evaluation,519.761205,478,4,-810738.649988,810738.649988,-810738.649968
evaluation,520.777044,479,4,-810738.649988,810738.649988,-810738.649968
evaluation,521.793021,480,4,-810738.650005,810738.650005,-810738.649968
evaluation,522.806638,481,4,-810738.650005,810738.650005,-810738.649968
evaluation,523.785000,482,4,-810738.650019,810738.650019,-810738.649968
evaluation,524.868253,483,4,-810738.650009,810738.650009,-810738.649968
evaluation,525.970659,484,4,-810738.650008,810738.650008,-810738.649968
evaluation,527.120426,485,4,-810738.650011,810738.650011,-810738.649968
evaluation,528.255575,486,4,-810738.650022,810738.650022,-810738.649968
evaluation,529.305651,487,4,-810738.650011,810738.650011,-810738.649968
evaluation,530.440996,488,4,-810738.650007,810738.650007,-810738.649968
evaluation,531.526466,489,4,-810738.650017,810738.650017,-810738.649968
evaluation,532.629251,490,4,-810738.650015,810738.650015,-810738.649968
evaluation,533.849401,491,4,-810738.649987,810738.649987,-810738.649968
evaluation,535.061039,492,4,-810738.650015,810738.650015,-810738.649968
evaluation,536.412704,493,4,-810738.650005,810738.650005,-810738.649968
evaluation,537.643968,494,4,-810738.650013,810738.650013,-810738.649968
evaluation,538.819161,495,4,-810738.650031,810738.650031,-810738.649968
evaluation,539.886179,496,4,-810738.650019,810738.650019,-810738.649968
evaluation,540.951584,497,4,-810738.65002,810738.65002,-810738.649968
evaluation,542.054423,498,4,-810738.649983,810738.649983,-810738.649968
evaluation,543.267324,499,4,-810738.649988,810738.649988,-810738.649968
evaluation,544.593958,500,4,-810738.650003,810738.650003,-810738.649968
evaluation,545.800135,501,4,-810738.649983,810738.649983,-810738.649968
evaluation,546.852014,502,4,-810738.649988,810738.649988,-810738.649968
evaluation,547.881608,503,4,-810738.650019,810738.650019,-810738.649968
evaluation,548.914962,504,4,-810738.650013,810738.650013,-810738.649968
evaluation,549.967511,505,4,-810738.649994,810738.649994,-810738.649968
evaluation,551.023578,506,4,-810738.649992,810738.649992,-810738.649968
evaluation,552.114849,507,4,-810738.64998,810738.64998,-810738.649968
evaluation,553.177943,508,4,-810738.650009,810738.650009,-810738.649968
evaluation,554.219274,509,4,-810738.650011,810738.650011,-810738.649968
evaluation,555.328030,510,4,-810738.65,810738.65,-810738.649968
evaluation,556.510995,511,4,-810738.65001,810738.65001,-810738.649968
evaluation,557.773004,512,4,-810738.650002,810738.650002,-810738.649968
evaluation,558.867495,513,4,-810738.650007,810738.650007,-810738.649968
evaluation,559.916796,514,4,-810738.650006,810738.650006,-810738.649968
evaluation,560.977931,515,4,-810738.650005,810738.650005,-810738.649968
evaluation,562.007668,516,4,-810738.650003,810738.650003,-810738.649968
evaluation,563.013559,517,4,-810738.65001,810738.65001,-810738.649968
evaluation,563.983606,518,4,-810738.650002,810738.650002,-810738.649968
evaluation,565.012285,519,4,-810738.650001,810738.650001,-810738.649968
evaluation,566.123144,520,4,-810738.649994,810738.649994,-810738.649968
evaluation,567.234723,521,4,-810738.64999,810738.64999,-810738.649968
evaluation,568.183957,522,4,-810738.649997,810738.649997,-810738.649968
evaluation,569.163701,523,4,-810738.650003,810738.650003,-810738.649968
evaluation,570.165426,524,4,-810738.649998,810738.649998,-810738.649968
evaluation,571.147322,525,4,-810738.649995,810738.649995,-810738.649968
evaluation,572.164776,526,4,-810738.650001,810738.650001,-810738.649968
evaluation,573.180577,527,4,-810738.650033,810738.650033,-810738.649968
evaluation,574.255394,528,4,-810738.650003,810738.650003,-810738.649968
evaluation,575.451289,529,4,-810738.650001,810738.650001,-810738.649968
evaluation,576.579675,530,4,-810738.650004,810738.650004,-810738.649968
evaluation,577.670233,531,4,-810738.65001,810738.65001,-810738.649968
evaluation,578.945165,532,4,-810738.650008,810738.650008,-810738.649968
evaluation,580.113830,533,4,-810738.65,810738.65,-810738.649968
evaluation,581.367893,534,4,-810738.649997,810738.649997,-810738.649968
evaluation,582.488685,535,4,-810738.65,810738.65,-810738.649968
evaluation,583.742198,536,4,-810738.650004,810738.650004,-810738.649968
evaluation,584.903652,537,4,-810738.64999,810738.64999,-810738.649968
evaluation,586.088794,538,4,-810738.650001,810738.650001,-810738.649968
evaluation,587.276744,539,4,-810738.65,810738.65,-810738.649968
evaluation,588.432573,540,4,-810738.649998,810738.649998,-810738.649968
evaluation,589.620878,541,4,-810738.649991,810738.649991,-810738.649968
evaluation,590.759286,542,4,-810738.65,810738.65,-810738.649968
evaluation,591.887789,543,4,-810738.650008,810738.650008,-810738.649968
evaluation,592.971898,544,4,-810738.650011,810738.650011,-810738.649968
evaluation,594.083191,545,4,-810738.650023,810738.650023,-810738.649968
evaluation,595.212073,546,4,-810738.649998,810738.649998,-810738.649968
evaluation,596.298132,547,4,-810738.649997,810738.649997,-810738.649968
evaluation,597.370389,548,4,-810738.650001,810738.650001,-810738.649968
evaluation,598.417584,549,4,-810738.650028,810738.650028,-810738.649968
evaluation,599.455629,550,4,-810738.650001,810738.650001,-810738.649968
evaluation,600.506380,551,4,-810738.649997,810738.649997,-810738.649968
evaluation,601.613853,552,4,-810738.650004,810738.650004,-810738.649968
iteration,602.686579,552,5,-810738.650006,810738.650006,-810738.649968
